row ID,row m/z,row retention time,row ion mobility,row ion mobility unit,row CCS,correlation group ID,annotation network number,best ion,auto MS2 verify,identified by n=,partners,neutral M mass,LSH-A18D2.raw filtered Peak area,
1,218.211697782473,0.558465,,,,0,,,,,,,787443.5,
2,246.24295666140443,0.558465,,,,0,,,,,,,638953.3,
3,262.2378567028618,0.558465,,,,0,,,,,,,407689.7,
4,344.2282095745379,0.558465,,,,0,,,,,,,158005.05,
5,388.25444538095746,0.558465,,,,0,,,,,,,135311.86,
6,223.11775248013785,0.5716961,,,,8,1,[M+H-H2O]+,,2,7;6,240.1211,193856.56,
7,245.09981932073904,0.5716961,,,,8,1,[M-H2O+Na]+,,2,7;6,240.1211,681281.6,
8,205.10714586457,0.66664153,,,,18,4,[M+H-2H2O]+,,2,8;12,240.12098,285434.03,
9,223.11771761359637,0.66664153,,,,18,4,[M+H-H2O]+,,2,12;9,240.12098,989910.3,
10,245.09970962441412,0.66664153,,,,,,,,,,,839263.06,
11,317.12081305879207,0.66664153,,,,18,,,,,,,187218.67,
12,240.14418570327848,0.680152,,,,18,4,[M-H2O+NH4]+,,3,8;12;9,240.12098,390219.53,
13,254.159790841822,0.680152,,,,18,,,,,,,282713.56,
14,268.1755111042496,0.680152,,,,18,,,,,,,224703.28,
15,214.0035880475503,0.6926893,,,,18,,,,,,,945241.8,
16,344.2279997130111,0.6926893,,,,18,,,,,,,381963.53,
17,253.08351320612383,0.7058619,,,,,,,,,,,196950.06,
20,388.25425025694227,0.7058619,,,,18,,,,,,,378395.1,
21,453.3439118342026,0.73217845,,,,,,,,,,,1392566.5,
23,218.21174456067442,0.88441956,,,,,,,,,,,1173001.6,
24,228.1279428066178,1.5965751,,,,,,,,,,,1465413.6,
25,225.18503112421698,1.6372875,,,,,,,,,,,139645.25,
26,253.17990079865575,1.6510855,,,,,,,,,,,537671.44,
27,226.18008372412277,1.957423,,,,82,8,[M-H2O+?]+,,2,27;28,244.19126,148927.5,
28,244.19076905757456,1.957423,,,,82,8,[M+?]+,,2,27;28,244.19126,273569.88,
29,246.24277490333196,2.0113997,,,,,,,,,,,5122417.5,
31,251.16404107481793,2.0520623,,,,,,,,,,,184543.02,
32,202.21652186785093,2.0796013,,,,,,,,,,,445147.06,
33,450.24877917627725,2.093222,,,,102,,,,,,,783412.9,
35,478.2801220648195,2.093222,,,,102,,,,,,,289927.16,
36,237.148435656969,2.1757133,,,,111,,,,,,,231085.84,
37,282.2062459219616,2.1757133,,,,111,,,,,,,140614.84,
38,290.2688510659193,2.1757133,,,,111,,,,,,,671085.6,
39,251.1640832147759,2.2169068,,,,117,10,[M+H-H2O]+,,2,40;39,268.16737,463270.88,
40,268.1906189152207,2.2169068,,,,117,10,[M-H2O+NH4]+,,2,39;40,268.16737,659933.9,
41,262.2376907008795,2.2444005,,,,,,,,,,,1036957.56,
42,450.2487784650518,2.3278396,,,,,,,,,,,219693.11,
43,331.11758055458745,2.5227964,,,,,,,,,,,268165.84,
44,219.17437569131687,2.590969,,,,15,,,,,,,1102717.2,
46,347.112476876969,2.590969,,,,,,,,,,,251365.16,
47,401.2323699390181,2.590969,,,,15,,,,,,,316433.94,
48,450.24878604781077,2.590969,,,,,,,,,,,663457.56,
49,495.17034564934346,2.590969,,,,15,,,,,,,140895.97,
50,343.117738115292,2.6872058,,,,,,,,,,,1586782.6,
52,253.17978249361437,2.8106465,,,,75,12,[M+H-H2O]+,,2,53;52,270.18306,783732.7,
53,270.2063133126616,2.8106465,,,,75,12,[M-H2O+NH4]+,,2,53;52,270.18306,354020.03,
54,298.2376906160089,2.8244345,,,,75,,,,,,,245297.08,
55,373.12818065038357,3.03096,,,,,,,,,,,1.1466536E7,
58,253.1796940953147,3.2092445,,,,,,,,,,,251377.94,
59,373.12829238992174,3.305896,,,,,,,,,,,2715389.8,
61,251.16408971063143,3.5552235,,,,,,,,,,,435895.44,
62,376.2119481214156,3.637579,,,,123,,,,,,,774587.3,
63,404.2432227431057,3.651379,,,,123,,,,,,,329524.44,
64,307.19023377120664,3.8034277,,,,,,,,,,,207516.95,
65,219.17440005116,3.9411461,,,,,,,,,,,970159.4,
67,297.1121287926053,3.9684854,,,,,,,,,,,600151.44,
68,201.16366534339195,4.0492096,,,,79,15,[M-H2O+?]+,,2,69;68,219.17482,206792.94,
69,219.17432222501662,4.0492096,,,,79,15,[M+?]+,,2,69;68,219.17482,1010487.44,
71,383.22169682625156,4.0492096,,,,79,19,[M+H-2H2O]+,,3,73;71;74,418.23551,1934135.2,
73,418.2588339814733,4.0492096,,,,79,21,[M+NH4]+,,3,73;71;74,400.22494,2909452.2,
74,423.2140446377233,4.0492096,,,,79,21,[M+Na]+,,3,73;71;74,400.22494,441857.0,
75,446.2900861845596,4.0492096,,,,79,,,,,,,523018.6,
77,376.21186710085107,4.1579533,,,,,,,,,,,607703.25,
78,381.2060639408819,4.3089523,,,,23,25,[M+H-2H2O]+,,2,84;78,416.21992,520659.84,
79,430.2588615103219,4.3089523,,,,23,23,[2M+MeOH]+,,2,79;81,199.12522,319850.8,
80,444.2744932053759,4.3089523,,,,23,23,[2M+HFA]+,,2,80;81,199.12522,659584.75,
81,217.15866656018196,4.322504,,,,23,23,[M+NH4]+,,3,80;79;81,199.12522,455371.56,
83,399.21672385861314,4.322504,,,,23,25,[M+H-H2O]+,,2,83;84,416.21992,722067.0,
84,421.1984738463631,4.322504,,,,23,25,[M-H2O+Na]+,,3,83;84;78,416.21992,518546.94,
85,383.22168513478016,4.3623185,,,,110,,,,,,,1902880.2,
87,237.1848197187024,4.375885,,,,110,30,[M]+,,2,87;88,237.1828,1423717.8,
88,238.18806563393866,4.375885,,,,110,30,[M+H]+,,2,87;88,237.1828,213634.89,
89,321.2058687711533,4.611233,,,,,,,,,,,204701.48,
90,446.289926816838,4.679454,,,,20,,,,,,,517266.7,
91,418.2587300390216,4.6927977,,,,20,,,,,,,2759923.0,
93,432.2742356268603,4.6927977,,,,20,,,,,,,320099.53,
94,226.12252156771805,4.759597,,,,,,,,,,,1371279.8,
95,219.17430799195043,4.8131695,,,,96,32,[M-H2O+?]+,,2,96;95,237.18538,1154802.9,
96,237.18479279849285,4.8131695,,,,96,32,[M+?]+,,2,96;95,237.18538,1024500.0,
97,432.2381332959228,4.8394213,,,,,,,,,,,805889.3,
98,253.17962200850903,4.8934255,,,,118,,,,,,,576453.7,
99,434.25378466407085,4.8934255,,,,118,,,,,,,1539510.6,
100,309.1330381739032,4.9209647,,,,,,,,,,,303125.7,
101,417.22711559550714,5.0153494,,,,,,,,,,,755011.5,
103,430.25872601541596,5.0549846,,,,59,36,[2M+MeOH]+,,2,103;105,199.12517,405424.9,
105,217.15861416665845,5.068114,,,,59,36,[M+NH4]+,,3,109;103;105,199.12517,415733.38,
106,399.2167078804575,5.068114,,,,59,37,[M+H-H2O]+,,2,108;106,416.21986,4868555.5,
108,421.1983686496506,5.068114,,,,59,37,[M-H2O+Na]+,,2,108;106,416.21986,705746.4,
109,444.27439155837567,5.068114,,,,59,36,[2M+HFA]+,,2,109;105,199.12517,976267.75,
110,276.2805292188937,5.1342154,,,,4,39,[M+H-H2O]+,,2,110;112,293.28599,447328.56,
111,274.27395987048936,5.1475215,,,,4,41,[M]+,,2,112;111,274.27214,3.601254E7,
112,275.2775881466633,5.1475215,,,,4,39,[M-H2O]+,,2,110;112,293.28599,5882725.5,
113,432.2379685685964,5.240644,,,,,,,,,,,207486.17,
114,230.24785370166546,5.3072977,,,,99,,,,,,,8080097.5,
116,434.2537763228557,5.3205185,,,,99,,,,,,,571715.75,
117,299.1275813796099,5.4146886,,,,,,,,,,,187763.98,
118,318.3002294605436,5.481055,,,,,,,,,,,1.7483876E7,
121,401.2322662320026,5.5481668,,,,,,,,,,,520457.34,
122,290.2687653453513,5.6410537,,,,85,43,[M]+,,2,123;122,290.26681,8709847.0,
123,291.2721230007403,5.6410537,,,,85,43,[M+H]+,,2,123;122,290.26681,1422509.5,
124,274.27382499059297,5.654227,,,,85,45,[M-H2O+H]+,,2,124;123,291.27462,876924.75,
125,334.29490302532406,5.6677456,,,,85,,,,,,,969291.4,
126,434.25369131245884,5.6939726,,,,,,,,,,,1338867.5,
127,362.32632040493723,5.7756743,,,,,,,,,,,4109017.8,
129,244.26341621895855,5.8859463,,,,,,,,,,,568312.8,
130,272.2582148582639,5.9936833,,,,,,,,,,,2610754.8,
132,430.2587053785613,5.9936833,,,,11,48,[2M+MeOH]+,,2,132;133,199.12515,520898.0,
133,217.1586158535237,6.006791,,,,11,48,[M+NH4]+,,3,137;132;133,199.12515,980878.0,
134,381.20589971632245,6.006791,,,,11,52,[M-H2O+H]+,,2,134;135,398.20919,994057.25,
135,416.2431081278411,6.006791,,,,11,52,[M+NH4]+,,3,140;134;135,398.20919,2924552.2,
137,444.2743130187647,6.006791,,,,11,48,[2M+HFA]+,,2,137;133,199.12515,1011693.56,
139,237.18472883804424,6.0195494,,,,11,,,,,,,808560.1,
140,421.1983263711731,6.0195494,,,,11,52,[M+Na]+,,2,140;135,398.20919,932250.06,
141,434.25375554753117,6.0195494,,,,,,,,,,,1857342.4,
142,432.23797296392104,6.0459723,,,,,,,,,,,594417.94,
143,200.2371630429228,6.1132507,,,,,,,,,,,230094.7,
144,228.19575291272773,6.236817,,,,,,,,,,,156413.89,
145,219.13789602236642,6.3191643,,,,,,,,,,,165310.58,
146,399.2166474874808,6.3875804,,,,97,59,[M+H-H2O]+,,3,150;147;146,416.21984,669772.2,
147,416.2431399922342,6.3875804,,,,97,60,[M+NH4]+,,3,150;147;146,398.20927,1355948.9,
148,417.2464198676365,6.3875804,,,,97,55,[M+NH4]+,,2,146;148,399.21462,326643.28,
149,444.2743976292398,6.3875804,,,,97,,,,,,,833457.0,
150,421.1983439992101,6.414445,,,,97,60,[M+Na]+,,3,150;147;146,398.20927,381189.56,
151,430.2587321227988,6.414445,,,,97,,,,,,,415233.88,
152,256.26337461853353,6.4688716,,,,,,,,,,,1777262.1,
154,288.28957752674296,6.5242276,,,,,,,,,,,200056.16,
155,416.24313543773525,6.633946,,,,,,,,,,,701979.75,
156,214.2528520071005,6.7151947,,,,,,,,,,,2078087.1,
158,258.27905759778724,6.880246,,,,,,,,,,,720363.56,
159,401.23228040282044,6.92119,,,,,,,,,,,365840.97,
160,418.25880769688933,6.92119,,,,,,,,,,,1562124.9,
162,446.2900434745932,6.92119,,,,,,,,,,,370059.88,
163,432.23813852341874,7.0587845,,,,50,,,,,,,334339.25,
164,214.25279526919127,7.072626,,,,50,,,,,,,595774.06,
165,381.2059782840407,7.1554985,,,,,,,,,,,592554.2,
166,430.2587622005329,7.2236147,,,,104,,,,,,,254854.83,
167,255.19527900466372,7.237188,,,,104,,,,,,,603123.94,
168,416.24316485207754,7.237188,,,,104,,,,,,,993293.0,
170,444.2744219168853,7.237188,,,,104,,,,,,,517429.72,
171,237.18482244071487,7.3045125,,,,,,,,,,,3863181.5,
174,401.232337366608,7.318081,,,,,,,,,,,1383240.1,
175,233.15351171794643,7.4000053,,,,49,61,[M-H2O+?]+,,2,175;176,251.16459,127105.85,
176,251.1640097942148,7.4000053,,,,49,61,[M+?]+,,2,175;176,251.16459,210249.31,
177,402.22754315925437,7.4412403,,,,91,,,,,,,614632.3,
178,430.2588509312888,7.4412403,,,,91,,,,,,,335326.5,
179,288.2896082856496,7.537825,,,,,,,,,,,434528.12,
180,387.2165656411082,7.5929375,,,,,,,,,,,374855.1,
181,385.2373557291156,7.648131,,,,56,,,,,,,240023.88,
182,450.24868446790776,7.648131,,,,56,,,,,,,261471.33,
183,399.21673772199165,7.799401,,,,66,,,,,,,859799.44,
184,430.2588298260342,7.799401,,,,66,,,,,,,281024.78,
185,421.19848213326514,7.813021,,,,66,,,,,,,456528.88,
186,444.2745020616529,7.813021,,,,66,,,,,,,462920.0,
187,217.15864582010434,7.8400087,,,,66,62,[M-H2O+?]+,,2,187;188,235.16975,311506.66,
189,416.2433555018023,7.8400087,,,,66,65,[M]+,,2,189;190,416.2413,1866493.9,
190,417.24651552891663,7.8400087,,,,66,65,[M+H]+,,2,189;190,416.2413,479862.22,
191,233.15363143998977,7.947048,,,,22,67,[M-H2O+?]+,,2,193;191,251.16465,1679915.4,
193,251.16400893665218,7.947048,,,,22,67,[M+?]+,,2,193;191,251.16465,388996.75,
194,397.2010408555396,7.947048,,,,22,68,[M+H]+,,3,198;194;196,396.19371,1000799.0,
196,414.22761662913666,7.947048,,,,22,68,[M+NH4]+,,3,198;194;196,396.19371,3766514.0,
197,415.23041288604855,7.947048,,,,22,70,[M+NH4]+,,3,197;194;199,397.19813,889234.6,
198,419.1827963903425,7.947048,,,,22,68,[M+Na]+,,3,198;194;196,396.19371,1301889.9,
199,420.185983051147,7.947048,,,,22,70,[M+Na]+,,3,197;194;199,397.19813,272503.28,
200,428.2430678784425,7.947048,,,,22,,,,,,,484157.47,
201,442.25873217338636,7.947048,,,,22,,,,,,,768552.06,
202,421.2614623498,7.9726806,,,,,,,,,,,185835.86,
203,418.25876228800786,8.012713,,,,,,,,,,,1800561.0,
205,404.2197241119616,8.107653,,,,6,77,[M-H2O+NH4]+,,2,206;205,404.19641,439850.66,
206,387.19306607268027,8.121223,,,,6,77,[M+H-H2O]+,,2,206;205,404.19641,1814090.6,
208,418.235919406665,8.121223,,,,6,,,,,,,228985.53,
209,432.2510223065209,8.134551,,,,6,,,,,,,342916.22,
210,217.15860004756837,8.187871,,,,,,,,,,,299080.78,
211,421.1983787656182,8.187871,,,,,,,,,,,1032818.3,
212,219.17429194432137,8.2272835,,,,107,81,[M+NH4]+,,2,224;212,201.13608,2706599.2,
213,278.2112588145697,8.2272835,,,,107,,,,,,,178578.61,
214,385.23724888489704,8.2272835,,,,107,79,[M]+,,2,215;214,385.23525,2738532.0,
215,386.2405335533475,8.2272835,,,,107,79,[M+H]+,,2,215;214,385.23525,651441.75,
217,434.2537766845292,8.240525,,,,107,82,[M+NH4]+,,2,217;223,416.21989,473002.28,
220,237.1847588279342,8.266585,,,,107,,,,,,,4418499.0,
222,419.1827191784188,8.266585,,,,107,,,,,,,433554.16,
223,439.20904506672053,8.266585,,,,107,82,[M+Na]+,,2,217;223,416.21989,712569.7,
224,448.26884208763937,8.266585,,,,107,81,[2M+HFA]+,,2,224;212,201.13608,339646.16,
225,401.2323818336454,8.332581,,,,,,,,,,,1116231.1,
226,283.1455209549315,8.344987,,,,,,,,,,,178238.89,
227,446.25336335428403,8.371839,,,,25,87,[M+NH4]+,,2,227;239,428.21723,847194.5,
230,432.2380551414498,8.397005,,,,25,89,[M+NH4]+,,3,232;230;240,414.20669,3686785.5,
232,437.19318625448335,8.397005,,,,25,89,[M+Na]+,,3,232;230;240,414.20669,251312.1,
233,460.26910191711585,8.397005,,,,25,,,,,,,870706.06,
234,217.1585762674046,8.409916,,,,25,,,,,,,514476.16,
236,251.163924735307,8.409916,,,,25,,,,,,,193959.86,
237,381.2058858217964,8.409916,,,,25,,,,,,,742268.8,
238,399.21668231921626,8.409916,,,,25,93,[M]+,,2,238;239,399.2147,4711852.0,
239,400.2200028384587,8.409916,,,,25,87,[M-CO]+,,2,227;239,428.21723,1163703.1,
240,415.2191502550368,8.409916,,,,25,88,[M+H-H2O]+,,3,232;230;240,432.21726,3319048.8,
241,233.15353189018757,8.436157,,,,29,,,,,,,2376306.5,
243,419.1825801174335,8.436157,,,,29,96,[M+Na]+,,3,243;244;245,396.19358,594232.06,
244,397.2009774494153,8.448859,,,,29,96,[M+H]+,,3,243;244;245,396.19358,1278241.2,
245,414.22749618349184,8.448859,,,,29,96,[M+NH4]+,,3,243;244;245,396.19358,9158723.0,
246,428.24299925728394,8.448859,,,,29,,,,,,,526296.8,
247,442.25864879192915,8.461909,,,,29,,,,,,,1135147.0,
249,402.23493095353166,8.500515,,,,109,98,[M+H-H2O]+,,2,249;251,419.24064,467785.7,
250,421.2615431758291,8.500515,,,,109,,,,,,,184193.97,
251,401.23249525769603,8.513717,,,,109,98,[M-H2O]+,,2,249;251,419.24064,2122869.0,
252,423.2140146758593,8.540496,,,,,,,,,,,1227167.0,
254,432.2743602828927,8.580343,,,,48,,,,,,,380969.94,
255,418.2587748755693,8.593917,,,,48,,,,,,,1137974.8,
256,237.1847860313966,8.607194,,,,48,,,,,,,2571234.2,
257,446.2900091904889,8.607194,,,,48,,,,,,,512825.34,
259,363.1564143958548,8.646695,,,,3,102,[M+Na]+,,3,259;260;261,340.1673,520917.06,
260,341.17469626970285,8.660012,,,,3,102,[M+H]+,,3,259;260;261,340.1673,2186264.8,
261,358.2011016684989,8.660012,,,,3,102,[M+NH4]+,,3,259;260;261,340.1673,1008903.3,
262,372.2167669829531,8.660012,,,,3,,,,,,,302532.88,
263,386.23232050396376,8.660012,,,,3,,,,,,,496831.25,
264,253.17958040160474,8.673288,,,,3,,,,,,,259124.12,
265,401.23227871304687,8.726435,,,,,,,,,,,1757661.1,
267,217.15859013776944,8.794303,,,,,,,,,,,525551.2,
269,416.24311563535736,8.794303,,,,80,104,[2M-H2O]+,,2,268;269,217.13109,1811624.4,
271,430.2587391366286,8.794303,,,,47,,,,,,,349350.97,
272,450.2485348166682,8.835107,,,,47,,,,,,,327054.6,
273,217.15856061423835,8.95776,,,,26,,,,,,,428254.66,
275,416.2430316173322,8.998224,,,,26,110,[M-H2O]+,,2,275;276,434.25162,2408746.5,
276,417.2463641955443,8.998224,,,,26,110,[M+H-H2O]+,,2,275;276,434.25162,547329.6,
277,444.2742963589223,8.998224,,,,26,,,,,,,1817951.0,
278,430.2585641134081,9.011721,,,,26,,,,,,,797076.06,
279,418.2586980494145,9.051308,,,,69,112,[M]+,,2,280;279,418.2567,2927292.5,
280,419.2619768584647,9.051308,,,,69,112,[M+H]+,,2,280;279,418.2567,679873.1,
283,233.1533796229695,9.143407,,,,78,115,[M+MeOH+H]+,,2,286;283,200.11492,233740.66,
284,251.16388315204915,9.143407,,,,78,114,[M+?]+,,2,284;283,251.16446,369025.25,
285,399.216601050906,9.143407,,,,78,116,[M+H-H2O]+,,2,288;285,416.21975,1.0337424E7,
286,400.21990866973715,9.143407,,,,78,118,[M+H]+,,2,286;285,399.21462,2678338.0,
287,415.2111843191416,9.143407,,,,78,120,[M+MeOH+H]+,,2,286;287,382.18189,301149.5,
288,421.198271746192,9.143407,,,,78,116,[M-H2O+Na]+,,2,288;285,416.21975,2555699.8,
290,358.2010618188775,9.18375,,,,27,122,[M+NH4]+,,3,290;294;295,340.16719,2671969.0,
292,372.2167051384347,9.18375,,,,27,,,,,,,365231.75,
293,386.23229192880945,9.18375,,,,27,,,,,,,475868.3,
294,341.17453503572324,9.196915,,,,27,121,[M+H-H2O]+,,3,290;295;294,358.17776,348390.16,
295,363.1562999946313,9.196915,,,,27,122,[M+Na]+,,3,290;294;295,340.16719,277550.62,
296,423.2139581913584,9.331393,,,,33,123,[M+Na]+,,3,300;296;301,400.22486,2076541.9,
297,421.1983870228739,9.344924,,,,,,,,,,,600765.06,
299,432.2742914497401,9.344924,,,,33,,,,,,,642776.75,
300,401.23227434539774,9.357659,,,,33,123,[M+H]+,,3,300;296;301,400.22486,1572878.0,
301,418.25865798286844,9.357659,,,,33,123,[M+NH4]+,,3,300;296;301,400.22486,5248020.0,
303,446.2898979276964,9.357659,,,,33,,,,,,,1022384.7,
306,399.21650645945806,9.409684,,,,101,,,,,,,890842.75,
307,428.24283683406037,9.409684,,,,30,,,,,,,450156.8,
308,442.25849053208253,9.423026,,,,30,,,,,,,464106.8,
309,233.15337789041644,9.435865,,,,30,,,,,,,663123.6,
310,414.22741737402606,9.435865,,,,30,125,[M+NH4]+,,2,312;310,396.19348,4649906.0,
312,419.18258899015774,9.435865,,,,30,126,[M]+,,2,312;313,419.18055,1039259.6,
313,420.18579437707115,9.449132,,,,30,126,[M+H]+,,2,312;313,419.18055,202858.86,
314,286.3100954058402,9.475034,,,,28,,,,,,,320165.8,
315,237.18467933962035,9.487559,,,,,,,,,,,2060784.0,
316,346.02435231196426,9.487559,,,,28,,,,,,,194640.84,
318,450.24827029036686,9.487559,,,,28,,,,,,,324778.28,
319,399.2165761258245,9.580106,,,,,,,,,,,1984207.8,
321,416.2431187170762,9.647437,,,,106,129,[M]+,,2,322;321,416.24111,2202465.5,
322,417.2463755286556,9.647437,,,,106,129,[M+H]+,,2,322;321,416.24111,550420.9,
323,448.26914318400105,9.647437,,,,,,,,,,,536793.25,
324,237.18472658379204,9.673947,,,,,,,,,,,1751310.8,
326,414.2272475416926,9.782234,,,,,,,,,,,835204.56,
327,385.2371071436626,9.822963,,,,113,,,,,,,1416510.4,
329,444.27419843862725,9.849369,,,,113,,,,,,,521228.03,
330,217.15852859678643,9.876323,,,,54,,,,,,,1198447.2,
331,253.17951147637893,9.876323,,,,54,,,,,,,451682.88,
332,399.2165168813203,9.876323,,,,54,131,[M+H]+,,2,332;334,398.20913,4574530.5,
334,421.1982417220978,9.876323,,,,54,131,[M+Na]+,,2,332;334,398.20913,1865323.6,
336,430.2585494218075,9.876323,,,,54,,,,,,,575347.2,
338,409.30985644356304,9.915535,,,,68,,,,,,,538078.8,
339,416.24308514528434,9.942173,,,,89,133,[M]+,,2,340;339,416.24005,2682218.8,
340,417.2442869606145,9.942173,,,,89,133,[M+H]+,,2,340;339,416.24005,722383.25,
341,439.2088107776175,9.942173,,,,68,,,,,,,282774.2,
342,428.2427884986913,10.06007,,,,43,135,[M+Na]+,,2,351;342,405.25244,700693.9,
343,233.15334496427488,10.073042,,,,43,,,,,,,872944.75,
344,414.22731147088894,10.073042,,,,43,136,[M]+,,2,344;345,414.22533,8617331.0,
345,415.2306271532706,10.073042,,,,43,136,[M+H]+,,2,344;345,414.22533,2117421.8,
346,203.17932573508372,10.085063,,,,43,,,,,,,3634708.8,
347,221.18980213705373,10.085063,,,,43,,,,,,,2537448.0,
349,262.2162363642644,10.085063,,,,43,,,,,,,267618.6,
350,391.2450405323194,10.085063,,,,43,,,,,,,511973.56,
351,402.2636623115241,10.085063,,,,43,135,[M+MeOH+H-2H2O]+,,2,351;342,405.25244,1422610.0,
352,407.219089976889,10.085063,,,,43,142,[M+Na]+,,2,351;352,384.22986,2691209.0,
354,442.25843355989286,10.085063,,,,43,,,,,,,763269.94,
357,419.1824537038399,10.097465,,,,43,,,,,,,1284311.9,
359,302.3051191573042,10.122905,,,,108,,,,,,,2.051867E7,
362,293.17444899300193,10.147384,,,,108,,,,,,,2049787.4,
364,423.21386029889356,10.173227,,,,,,,,,,,1386933.9,
365,418.25861681051066,10.198121,,,,103,,,,,,,5625625.5,
367,432.2741323935602,10.210937,,,,103,,,,,,,536670.7,
368,446.2898225577551,10.210937,,,,103,,,,,,,271855.28,
369,221.18981598594937,10.249721,,,,72,,,,,,,865728.25,
370,367.2266169981923,10.249721,,,,72,143,[M-CO+H-2H2O]+,,2,374;370,430.23532,1485138.8,
372,453.22439515314284,10.249721,,,,,,,,,,,228766.61,
373,262.2163076425797,10.262444,,,,72,,,,,,,378156.75,
374,448.26908416122114,10.262444,,,,72,143,[M+NH4]+,,2,374;370,430.23532,1239929.1,
376,237.18472386792442,10.275818,,,,72,,,,,,,1596287.1,
377,421.19824399392286,10.275818,,,,72,,,,,,,419366.47,
378,416.2431254904863,10.288323,,,,72,145,[M]+,,2,378;379,416.24113,1523264.5,
379,417.2464151149031,10.288323,,,,72,145,[M+H]+,,2,378;379,416.24113,383461.94,
380,397.200861345071,10.300847,,,,72,147,[M+Na]+,,2,378;380,374.21047,222033.03,
381,430.2586881331586,10.300847,,,,72,,,,,,,328536.25,
382,258.2791039842357,10.354251,,,,,,,,,,,3046666.2,
384,444.2744008894574,10.476232,,,,31,,,,,,,724663.4,
385,346.33150351250634,10.489867,,,,31,,,,,,,1041961.75,
386,399.216662703049,10.489867,,,,31,148,[M+H]+,,2,386;388,398.20934,1121963.5,
388,416.2431240365258,10.489867,,,,31,148,[M+NH4]+,,2,386;388,398.20934,1366095.0,
390,430.25874508390103,10.489867,,,,31,,,,,,,369824.16,
391,365.2110975014389,10.570971,,,,,,,,,,,839555.44,
393,237.18479448694114,10.649306,,,,77,,,,,,,7207199.0,
395,401.23229378384303,10.649306,,,,77,152,[M+H]+,,2,397;395,400.22498,2009434.8,
397,418.2587609034189,10.649306,,,,77,152,[M+NH4]+,,2,395;397,400.22498,2472400.8,
399,446.2900403807183,10.649306,,,,77,,,,,,,1131550.6,
402,318.3002058974169,10.687945,,,,121,,,,,,,4243479.0,
403,385.23729336915324,10.700282,,,,32,,,,,,,587817.7,
404,421.19839249777687,10.700282,,,,32,,,,,,,239227.56,
405,423.2141203094317,10.700282,,,,32,,,,,,,6369935.5,
407,432.274375124499,10.700282,,,,32,,,,,,,1015093.8,
409,407.2403086703115,10.712726,,,,32,,,,,,,634263.56,
410,244.20585340715925,10.775132,,,,34,156,[M-CO]+,,2,419;410,272.19974,344028.62,
413,203.17949942107728,10.800082,,,,34,155,[M+?]+,,2,413;410,203.17995,2.2705146E7,
416,367.22680328201767,10.800082,,,,34,160,[M+H-H2O]+,,2,424;416,384.22756,1.141875E7,
418,423.3618718240896,10.800082,,,,34,,,,,,,175841.38,
419,219.17429110840357,10.811528,,,,34,156,[M+H-3H2O]+,,2,419;410,272.19974,1690285.1,
420,221.18995557650047,10.811528,,,,34,158,[M+Na]+,,2,420;410,198.20056,1.7703728E7,
421,262.21646864343467,10.811528,,,,34,159,[M+?]+,,2,410;421,262.21699,8238117.0,
422,303.02717342567854,10.811528,,,,34,,,,,,,376447.97,
423,365.2111318683915,10.811528,,,,34,168,[M-H2O]+,,2,423;424,383.22034,910872.9,
424,366.2144586248391,10.811528,,,,34,168,[M+H-H2O]+,,2,423;426,383.22034,204491.38,
426,383.22157011757844,10.811528,,,,34,168,[M]+,,2,426;424,383.22034,2467592.5,
428,423.03975838675376,10.811528,,,,,,,,,,,345391.72,
429,343.19024550064677,10.873727,,,,,,,,,,,226824.89,
430,448.268972947331,10.900312,,,,,,,,,,,525728.94,
431,434.25370812713027,10.953035,,,,,,,,,,,303456.3,
432,426.26362324220463,10.96611,,,,,,,,,,,590802.7,
433,401.23219523642825,11.032447,,,,125,,,,,,,457135.62,
434,446.28996890890033,11.032447,,,,125,,,,,,,244861.83,
435,383.22160979019304,11.045282,,,,,,,,,,,2132906.2,
437,201.16363027035524,11.139123,,,,36,,,,,,,508567.75,
438,385.2372105846445,11.151102,,,,36,171,[M]+,,2,439;438,385.23521,6090961.5,
439,386.24048237732046,11.151102,,,,36,171,[M+H]+,,2,439;438,385.23521,1421364.1,
440,383.22160679530623,11.19065,,,,83,173,[M]+,,2,440;443,383.21962,3459351.0,
442,300.28946583472003,11.202731,,,,17,,,,,,,618779.6,
443,384.22491625977295,11.202731,,,,83,173,[M+H]+,,2,440;443,383.21962,936393.0,
444,423.21401913504434,11.202731,,,,17,,,,,,,2645483.0,
445,484.1541056684498,11.202731,,,,,,,,,,,264949.2,
446,237.18470816785407,11.241673,,,,17,,,,,,,973242.9,
447,432.2741483217156,11.241673,,,,17,,,,,,,565006.75,
448,446.28985795496266,11.241673,,,,17,,,,,,,226633.0,
449,414.22727867968996,11.319401,,,,74,,,,,,,1447925.6,
451,428.2428866013532,11.319401,,,,,,,,,,,113905.02,
452,448.26903029445106,11.319401,,,,74,,,,,,,1131593.2,
454,418.25858886016493,11.331901,,,,74,,,,,,,769716.2,
455,453.2245154030265,11.331901,,,,60,176,[M-CO+Na]+,,2,459;455,458.22898,419606.88,
456,419.18262108252935,11.357391,,,,60,,,,,,,194190.4,
458,400.2480509890838,11.369653,,,,60,,,,,,,217854.61,
459,405.20333542310937,11.369653,,,,60,176,[M+H-3H2O]+,,2,459;455,458.22898,369082.25,
460,423.2139818255262,11.369653,,,,12,,,,,,,2858463.8,
461,423.36172651646064,11.369653,,,,12,,,,,,,478929.28,
463,203.17940823241915,11.394936,,,,12,177,[M-H2O+?]+,,2,465;463,221.19043,2.1583824E7,
465,221.18986095068837,11.394936,,,,12,180,[M+Na]+,,2,467;465,198.20046,7527921.0,
468,262.2163535536882,11.394936,,,,12,177,[M+ACN+?]+,,2,468;465,221.19043,3627350.2,
470,367.22668379603556,11.394936,,,,12,,,,,,,8908762.0,
472,383.221465514263,11.420165,,,,122,184,[M]+,,2,472;476,383.2192,2953729.5,
474,424.21725909450316,11.420165,,,,12,,,,,,,742732.06,
475,484.15405951402107,11.420165,,,,12,,,,,,,468896.84,
476,407.2401888263211,11.445255,,,,122,184,[M+ACN+H-H2O]+,,2,472;476,383.2192,1044220.56,
477,201.1636742629591,11.458388,,,,14,,,,,,,815114.75,
478,397.23718928357073,11.458388,,,,14,186,[M+H-2H2O]+,,3,480;478;479,432.25096,270435.56,
479,432.27403743831235,11.458388,,,,14,188,[M+NH4]+,,3,480;478;479,414.24039,754745.3,
480,437.22970823082653,11.458388,,,,14,188,[M+Na]+,,3,480;478;479,414.24039,1053143.8,
483,391.2451633576152,11.534675,,,,,,,,,,,321519.3,
484,414.2271136159423,11.587989,,,,,,,,,,,190249.3,
485,365.2110426923075,11.613424,,,,19,195,[M-H2O+H-H2O]+,,2,485;488,400.22485,3371093.0,
486,366.21433832435565,11.613424,,,,19,191,[M+H-3H2O]+,,2,487;486,419.24077,830112.3,
487,401.2322182353836,11.613424,,,,19,195,[M+H]+,,2,487;488,400.22485,907707.25,
488,423.2139258896443,11.638518,,,,19,195,[M+Na]+,,3,487;485;488,400.22485,936472.44,
491,439.2089718359549,11.65098,,,,46,197,[M-H2O+Na]+,,2,491;499,434.23024,2284415.8,
493,253.17961294570028,11.663574,,,,46,,,,,,,1764710.5,
494,402.2638158700689,11.663574,,,,46,,,,,,,6423588.0,
496,407.2191684607519,11.663574,,,,,,,,,,,1991196.0,
498,416.27919681446343,11.663574,,,,46,,,,,,,308415.3,
499,417.2268788956114,11.663574,,,,46,197,[M+H-H2O]+,,2,491;499,434.23024,517502.34,
500,434.253700711068,11.78069,,,,119,,,,,,,1826318.9,
502,462.28475109307266,11.794036,,,,119,,,,,,,421818.16,
503,346.02450200804105,11.807569,,,,10,,,,,,,181966.19,
504,448.2691086882837,11.807569,,,,10,,,,,,,1386926.9,
505,383.2216497919248,11.956218,,,,67,200,[M+H]+,,2,507;505,382.2144,1442066.9,
507,432.2744702167313,11.956218,,,,67,200,[M+MeOH+NH4]+,,2,505;507,382.2144,1067864.5,
509,423.2141384131638,11.996024,,,,,,,,,,,636184.3,
510,221.18993368204332,12.036297,,,,98,,,,,,,1618753.5,
511,425.24090532454704,12.049803,,,,98,,,,,,,890616.56,
512,400.2482436091847,12.199063,,,,2,,,,,,,483646.9,
513,242.28403509620344,12.212385,,,,2,,,,,,,756472.75,
514,290.2840670975746,12.225527,,,,2,,,,,,,1608080.0,
516,383.22161902617165,12.252541,,,,,,,,,,,1439270.4,
518,286.31029092528263,12.279214,,,,,,,,,,,186475.19,
519,365.21116033042546,12.38812,,,,,,,,,,,2831905.0,
521,201.1636842448805,12.440634,,,,,,,,,,,961949.2,
522,219.17428115188062,12.440634,,,,,,,,,,,895900.7,
524,237.1847835909084,12.440634,,,,35,,,,,,,2835499.2,
527,423.21401730192036,12.466132,,,,35,203,[M+Na]+,,2,527;529,400.22488,1632925.0,
529,418.25877912115305,12.479378,,,,35,203,[M+NH4]+,,2,527;529,400.22488,4678629.0,
530,432.27433231968104,12.479378,,,,35,,,,,,,915252.94,
532,446.28997847541524,12.479378,,,,35,,,,,,,758255.94,
533,271.1689751136884,12.665691,,,,,,,,,,,599835.56,
534,400.2481563538538,12.692045,,,,,,,,,,,775778.8,
535,201.16366558969955,12.71782,,,,44,,,,,,,3280654.8,
538,383.22151430097125,12.71782,,,,44,,,,,,,3083554.5,
540,405.2034783300034,12.71782,,,,44,206,[M-H2O+Na]+,,3,543;545;540,400.22486,2171565.2,
542,414.26357131696665,12.71782,,,,44,208,[M+MeOH+NH4]+,,3,542;543;545,364.20368,326686.03,
543,347.20042357234814,12.730747,,,,44,206,[M+H-3H2O]+,,2,543;540,400.22486,4279197.0,
545,365.2110574375098,12.730747,,,,44,207,[M-H2O+H]+,,2,540;545,382.21429,5996717.5,
546,304.29960632412326,12.770396,,,,,,,,,,,339741.22,
547,237.18472567122262,12.875267,,,,64,,,,,,,1461273.2,
549,464.3007188398901,12.875267,,,,64,,,,,,,3097527.0,
551,469.255887802514,12.875267,,,,76,,,,,,,446059.88,
552,478.3161048436528,12.875267,,,,64,,,,,,,303059.8,
553,492.3317760018572,12.875267,,,,64,,,,,,,363295.84,
554,400.2481451656834,12.888035,,,,76,,,,,,,2402268.8,
555,219.17421447204805,12.91482,,,,76,,,,,,,1327131.9,
556,405.20337979568217,12.940262,,,,,,,,,,,528687.6,
557,201.16364495602286,12.979716,,,,73,,,,,,,1520115.8,
559,347.2003691949841,12.979716,,,,73,,,,,,,1667055.2,
561,448.26914895192317,12.993185,,,,,,,,,,,486592.7,
562,400.2483274242593,13.129671,,,,,,,,,,,548011.25,
564,221.18995772346412,13.473998,,,,120,,,,,,,1000219.2,
565,367.2268446383532,13.473998,,,,120,,,,,,,2277724.5,
566,400.2483506537204,13.514394,,,,126,,,,,,,1431536.1,
567,413.23216487892165,13.514394,,,,126,,,,,,,543360.6,
568,201.16368475062254,13.608887,,,,,,,,,,,470094.38,
569,366.21445369920383,13.662812,,,,,,,,,,,1255811.8,
570,407.2191671333357,13.676395,,,,,,,,,,,385848.25,
571,221.18989118586157,13.702301,,,,116,,,,,,,869059.75,
572,402.2639199549013,13.702301,,,,116,,,,,,,3255957.8,
574,342.2637627863306,13.715928,,,,88,,,,,,,427378.9,
575,448.2692363172788,13.729524,,,,88,,,,,,,233344.47,
576,405.2034770104784,13.769905,,,,,,,,,,,581218.75,
577,365.21118531955267,13.824771,,,,,,,,,,,4925590.0,
578,400.24819795515816,13.949385,,,,,,,,,,,643814.94,
579,464.30072275022474,14.017376,,,,38,211,[M+NH4]+,,2,579;581,446.26677,2383495.8,
581,469.25586548858894,14.017376,,,,38,211,[M+Na]+,,2,579;581,446.26677,230348.97,
582,492.3317753228638,14.017376,,,,38,,,,,,,290139.7,
583,386.2897873459229,14.031043,,,,38,,,,,,,358800.47,
584,478.3161098974506,14.031043,,,,38,,,,,,,290466.8,
585,415.24761500596554,14.058353,,,,,,,,,,,208749.23,
586,239.2003215499591,14.125894,,,,39,,,,,,,226641.81,
587,383.22158456571907,14.125894,,,,39,,,,,,,3250218.8,
589,420.27424451385724,14.125894,,,,39,,,,,,,512171.47,
590,455.3517475539794,14.125894,,,,39,,,,,,,226236.61,
591,365.21114686218533,14.221539,,,,45,212,[M+H-2H2O]+,,2,592;591,400.22494,811310.06,
592,405.2035413333814,14.221539,,,,45,212,[M-H2O+Na]+,,2,592;591,400.22494,373863.53,
593,430.2587669674424,14.37282,,,,,,,,,,,179770.31,
594,400.2483282581567,14.399369,,,,,,,,,,,1006011.7,
595,203.17948669907366,14.439678,,,,71,,,,,,,9005886.0,
597,367.2268318328643,14.439678,,,,71,,,,,,,2115321.2,
599,423.0397972787588,14.439678,,,,71,,,,,,,201952.47,
600,484.1542212326478,14.439678,,,,71,,,,,,,532529.2,
601,416.2790936301807,14.599445,,,,5,215,[2M+HFA]+,,2,602;601,185.14117,1536041.2,
602,203.17936336819486,14.638643,,,,5,215,[M+NH4]+,,2,602;601,185.14117,1.0338944E7,
604,221.18980965569912,14.638643,,,,5,219,[M+ACN+?]+,,1,604,200.67714,1684472.8,
605,367.2266743922774,14.638643,,,,5,223,[M+H-H2O]+,,4,615;605;608;616,384.22984,6569634.5,
607,385.2370747458265,14.638643,,,,5,223,[M+H]+,,4,615;607;608;616,384.22984,505456.38,
608,402.2637947064039,14.638643,,,,5,223,[M+NH4]+,,5,615;607;605;608;616,384.22984,3.6311176E7,
612,430.2948801859664,14.638643,,,,5,,,,,,,1245413.6,
613,262.21624842731904,14.65146,,,,5,,,,,,,458984.6,
615,407.2191266609144,14.65146,,,,5,223,[M+Na]+,,4,615;607;605;608,384.22984,7274447.5,
616,448.24529984854234,14.65146,,,,5,223,[M+ACN+Na]+,,4,607;605;608;616,384.22984,161268.72,
617,201.1636801483076,14.781996,,,,92,228,[M-H2O+?]+,,2,617;618,219.1748,813856.75,
618,219.17424920821193,14.781996,,,,92,228,[M+?]+,,2,617;618,219.1748,1165650.5,
619,400.24834239178057,14.916466,,,,,,,,,,,487072.84,
620,203.17943290924234,15.358393,,,,105,,,,,,,4236303.5,
622,484.15420011659745,15.358393,,,,105,,,,,,,337909.03,
623,402.26384200259633,15.412713,,,,,,,,,,,858264.0,
624,281.2949362968919,15.453921,,,,,,,,,,,344161.78,
625,330.3364261847452,15.618347,,,,,,,,,,,6756925.0,
627,391.24525027957435,15.69637,,,,86,230,[M]+,,2,627;634,391.24513,270463.66,
631,430.2948635223808,15.69637,,,,86,229,[M+?]+,,2,628;631,430.29116,1760097.5,
633,262.21623749417904,15.709167,,,,86,234,[M+ACN+?]+,,2,633;640,230.19558,511549.12,
635,402.26374062552907,15.709167,,,,86,233,[M-H2O+NH4]+,,2,635;634,402.23919,5.5541756E7,
638,203.17935451149796,15.735019,,,,86,,,,,,,4212082.5,
640,221.18980661963806,15.735019,,,,86,234,[M-H2O+?]+,,1,640,230.19558,1371587.4,
641,407.21910209369946,15.735019,,,,86,233,[M-H2O+Na]+,,2,641;634,402.23919,5120474.5,
642,416.2790769832496,15.735019,,,,86,,,,,,,2137222.2,
643,323.23661388234325,15.812238,,,,,,,,,,,396838.97,
644,286.3101363885131,15.891239,,,,,,,,,,,1002527.9,
645,374.36263395651116,15.930956,,,,,,,,,,,225301.16,
646,400.2480041242222,15.943808,,,,61,237,[M+NH4]+,,3,648;646;650,382.21418,306029.75,
647,219.1741836603182,15.957129,,,,,,,,,,,1853575.8,
648,383.2214929509935,15.957129,,,,61,237,[M+H]+,,3,648;646;650,382.21418,5593059.5,
650,405.2033661111324,15.957129,,,,61,237,[M+Na]+,,3,648;646;650,382.21418,1404012.6,
652,414.26353587814316,15.957129,,,,61,,,,,,,710814.06,
653,428.279359074568,15.957129,,,,61,,,,,,,833426.3,
654,323.23664885508515,15.997334,,,,61,,,,,,,524268.56,
655,346.33152222500166,16.079506,,,,,,,,,,,1248892.2,
658,416.2795863894187,16.345203,,,,24,,,,,,,356629.06,
659,407.2194156661606,16.386856,,,,24,,,,,,,623934.6,
660,430.2953360528228,16.386856,,,,24,,,,,,,322067.78,
661,407.21921586885964,16.623041,,,,,,,,,,,965863.9,
662,323.2367868196165,16.636637,,,,,,,,,,,420632.9,
663,356.2793870196587,16.67787,,,,,,,,,,,639867.1,
664,367.2267190915915,16.786783,,,,65,239,[M-H2O+?]+,,2,664;666,385.23776,5195145.5,
666,385.2371323109343,16.786783,,,,65,239,[M+?]+,,2,664;666,385.23776,1498250.0,
668,356.2794334528803,16.88117,,,,94,240,[M]+,,2,669;668,356.27746,3433545.5,
669,357.2827637499514,16.88117,,,,94,240,[M+H]+,,2,669;668,356.27746,615468.0,
670,402.26375491668045,16.88117,,,,,,,,,,,300957.16,
671,400.30569313513206,16.948496,,,,,,,,,,,606939.8,
672,396.0865147824403,17.043028,,,,53,,,,,,,262789.84,
673,424.08123361835607,17.043028,,,,53,,,,,,,247507.14,
674,205.08586622706653,17.069845,,,,53,,,,,,,783992.2,
677,356.352043032473,17.095732,,,,90,245,[M]+,,2,678;677,356.35008,1433137.1,
678,357.3553852455377,17.095732,,,,90,245,[M+H]+,,2,677;678,356.35008,228941.72,
679,383.2788833242348,17.1227,,,,41,247,[M]+,,2,681;679,383.27701,235816.72,
680,400.3056135557856,17.1227,,,,41,249,[M-H2O+NH4]+,,2,680;679,400.28226,3267455.0,
681,401.308951691901,17.1227,,,,41,247,[M+NH4]+,,2,681;679,383.27701,723082.7,
682,400.2484848035349,17.201723,,,,42,253,[M+NH4]+,,2,684;682,382.21442,2527925.0,
683,401.2515424894363,17.201723,,,,42,254,[M+H]+,,2,683;682,400.24638,477914.8,
684,405.2033950767725,17.201723,,,,42,253,[M+Na]+,,2,684;682,382.21442,627678.4,
685,414.26363110378577,17.214853,,,,42,,,,,,,481743.3,
686,428.2794952077062,17.214853,,,,42,,,,,,,503989.6,
687,444.3319269264312,17.323359,,,,,,,,,,,2349178.2,
689,407.21918506682135,17.420063,,,,,,,,,,,317006.06,
690,488.35822610152155,17.44778,,,,,,,,,,,634198.25,
691,372.3471432104138,17.489494,,,,,,,,,,,170348.48,
692,356.279469025902,17.587639,,,,,,,,,,,385792.66,
693,318.31552580197234,17.784412,,,,,,,,,,,441158.5,
694,400.30583966803545,17.798452,,,,,,,,,,,411331.2,
695,270.3154115429114,17.965694,,,,,,,,,,,210491.98,
696,356.35226349257704,17.965694,,,,,,,,,,,1209890.8,
697,356.35233825023124,18.148182,,,,,,,,,,,230863.62,
698,408.2534436842665,18.44328,,,,,,,,,,,243920.2,
699,452.27967648701593,18.498999,,,,,,,,,,,1418017.2,
701,496.3060807543053,18.61012,,,,,,,,,,,2182437.2,
703,370.29527037912646,18.890347,,,,,,,,,,,995652.7,
704,400.2483597935593,18.974577,,,,,,,,,,,602307.9,
705,414.32144722515017,19.099817,,,,,,,,,,,1035323.25,
706,370.2952719318364,19.127485,,,,,,,,,,,1740031.5,
708,458.3475793918105,19.225264,,,,,,,,,,,583911.56,
709,414.3213948981297,19.29419,,,,93,,,,,,,1812546.9,
711,375.25039186838234,19.307837,,,,93,256,[M+Na]+,,2,711;712,352.26129,214290.23,
712,370.29522096334114,19.321533,,,,93,256,[M+NH4]+,,2,711;712,352.26129,2560248.5,
714,458.3474577183655,19.431156,,,,,,,,,,,1023869.9,
717,414.32132345686637,19.485443,,,,114,257,[M+NH4]+,,2,717;718,396.28747,2684870.2,
718,397.29471841065254,19.512556,,,,114,257,[M+H]+,,2,717;718,396.28747,259837.23,
719,458.3474983528904,19.606703,,,,,,,,,,,1650821.2,
721,384.31054470400346,19.659569,,,,,,,,,,,1677408.0,
722,398.326279160503,19.724066,,,,,,,,,,,1059745.6,
723,428.3366724395162,19.840256,,,,124,,,,,,,905127.94,
724,442.3522249394768,19.866396,,,,124,,,,,,,573739.44,
725,235.2053230878838,19.979773,,,,52,262,[2M+H-3H2O]+,,2,729;725,144.11689,974394.0,
726,262.21617838043414,19.979773,,,,52,,,,,,,230272.08,
727,367.22654723480673,19.979773,,,,52,,,,,,,774271.44,
728,463.30237431940014,19.979773,,,,,,,,,,,1287254.4,
729,203.17928180421353,19.991251,,,,52,262,[M+ACN+NH4]+,,2,729;725,144.11689,3838185.8,
731,221.18973601592097,19.991251,,,,52,,,,,,,1556078.9,
733,276.2318240950658,19.991251,,,,52,,,,,,,238354.66,
737,472.3627336629596,20.040733,,,,,,,,,,,338016.34,
738,227.1275006112139,20.053486,,,,40,,,,,,,5105502.0,
739,370.2950588037308,20.053486,,,,40,268,[M+NH4]+,,3,741;739;743,352.26112,6.0372896E7,
741,375.25029529298075,20.06639,,,,40,268,[M+Na]+,,2,741;739,352.26112,6732318.5,
743,353.26832315372144,20.07909,,,,40,268,[M+H]+,,2,739;743,352.26112,2580142.0,
744,235.2053730330012,20.12937,,,,,,,,,,,350116.66,
745,463.3024145929051,20.179144,,,,,,,,,,,2554873.5,
746,414.3211772541325,20.203747,,,,9,269,[M+NH4]+,,3,746;749;753,396.2873,7.204381E7,
749,419.276347277399,20.203747,,,,9,269,[M+Na]+,,3,746;749;753,396.2873,7582941.0,
751,442.3521409185732,20.203747,,,,9,,,,,,,861880.75,
752,271.1535894033598,20.21692,,,,9,,,,,,,972401.44,
753,397.29469661725824,20.21692,,,,9,269,[M+H]+,,3,746;749;753,396.2873,9838899.0,
755,428.3366495035123,20.241194,,,,9,,,,,,,1266402.6,
756,472.3627222494611,20.278969,,,,70,,,,,,,1142340.4,
757,458.3473051880676,20.30531,,,,70,272,[M+NH4]+,,2,762;757,440.31347,5.4360156E7,
761,486.37821563788583,20.30531,,,,70,,,,,,,576410.9,
762,441.32073161695627,20.318375,,,,70,272,[M+H]+,,2,762;757,440.31347,2950983.8,
764,485.34691205520704,20.356825,,,,,,,,,,,700524.6,
765,309.32595000487674,20.517252,,,,,,,,,,,110114.0,
766,358.36763135978157,20.543753,,,,,,,,,,,2536996.0,
768,384.3103773755789,20.623934,,,,1,,,,,,,509295.94,
769,375.25018988742005,20.637531,,,,1,274,[M+Na]+,,3,769;771;774,352.26105,932671.8,
770,227.12744772001616,20.650637,,,,1,276,[M+Na]+,,2,773;770,204.14092,315429.0,
771,370.2950001773121,20.650637,,,,1,274,[M+NH4]+,,3,769;771;774,352.26105,5930235.5,
773,398.3261288310813,20.66398,,,,1,276,[2M-CO+NH4]+,,2,773;770,204.14092,215455.1,
774,353.26828776138683,20.67753,,,,1,274,[M+H]+,,3,769;771;774,352.26105,291862.2,
775,314.34131596382184,20.73157,,,,,,,,,,,290747.12,
776,397.29467260433586,20.758684,,,,100,277,[M+H-H2O]+,,2,776;777,414.29796,799168.8,
777,414.32121463378496,20.758684,,,,100,277,[M-H2O+NH4]+,,2,776;777,414.29796,7140807.5,
778,428.3367293111046,20.758684,,,,,,,,,,,172421.0,
779,374.36256587760965,20.771963,,,,100,,,,,,,275133.25,
782,458.3474854640595,20.866692,,,,,,,,,,,4439326.0,
783,270.31535588984724,20.962881,,,,,,,,,,,961340.6,
785,365.2112202346597,21.016916,,,,21,279,[M+H]+,,2,788;785,364.20381,754778.2,
787,370.2951262989519,21.016916,,,,21,,,,,,,1664405.0,
788,419.2191124574706,21.016916,,,,21,279,[M+MeOH+Na]+,,2,788;785,364.20381,249146.5,
789,414.3213826253983,21.127281,,,,,,,,,,,1696852.0,
791,458.34757282129044,21.182953,,,,,,,,,,,1068063.2,
793,384.3106911599024,21.595959,,,,62,280,[M+NH4]+,,2,796;793,366.27677,8247921.0,
795,398.32624112722607,21.595959,,,,62,,,,,,,603379.8,
796,389.2658879623799,21.623116,,,,62,280,[M+Na]+,,2,796;793,366.27677,1207629.2,
797,411.3102389634547,21.690786,,,,37,281,[M+H]+,,3,798;797;800,410.303,711618.1,
798,428.33702840525143,21.690786,,,,37,281,[M+NH4]+,,3,798;797;800,410.303,8932740.0,
800,433.29205975998474,21.690786,,,,37,281,[M+Na]+,,3,798;797;800,410.303,357195.84,
801,472.36323861064034,21.75868,,,,,,,,,,,5850063.0,
803,389.26584729057834,21.813156,,,,87,283,[M+Na]+,,2,803;804,366.27673,564143.6,
804,384.31064577643406,21.82682,,,,87,283,[M+NH4]+,,2,803;804,366.27673,3412657.0,
806,398.3262389488183,21.840506,,,,87,,,,,,,283809.06,
807,428.3370187780613,21.895098,,,,58,284,[M+NH4]+,,2,807;809,410.30308,4069901.2,
809,411.31024539011855,21.908682,,,,58,284,[M+H]+,,2,807;809,410.30308,391035.6,
810,472.36326382688253,21.94973,,,,,,,,,,,2690646.8,
812,384.31068236820323,22.153864,,,,,,,,,,,2972156.0,
814,235.20548052677935,22.194551,,,,,,,,,,,396695.75,
815,428.33710456894136,22.221752,,,,,,,,,,,2967055.8,
817,472.36334497723385,22.276237,,,,,,,,,,,1891059.1,
819,384.31069362601806,22.358128,,,,115,286,[M+NH4]+,,2,821;819,366.27676,3180753.5,
821,389.2658769649408,22.371904,,,,115,286,[M+Na]+,,2,821;819,366.27676,321771.22,
822,428.33710907396204,22.440594,,,,81,,,,,,,3373074.2,
824,370.4042712222634,22.46798,,,,81,,,,,,,355278.4,
825,472.36337178272134,22.46798,,,,81,,,,,,,2251275.2,
827,203.17948669418809,22.576756,,,,55,291,[M+ACN+NH4]+,,2,827;828,144.11705,2774878.8,
828,235.20557125468676,22.576756,,,,55,291,[2M+H-3H2O]+,,2,827;828,144.11705,1086303.6,
829,399.25297183742083,22.576756,,,,55,,,,,,,288858.47,
831,430.2951001238556,22.769371,,,,16,,,,,,,440225.7,
832,203.17945643313254,22.782831,,,,16,292,[M+NH4]+,,2,836;832,185.14133,3953901.8,
834,367.2268296963459,22.782831,,,,16,293,[M+H]+,,3,836;838;834,366.2194,2236311.2,
836,416.27952032802364,22.782831,,,,16,293,[M+MeOH+NH4]+,,2,836;834,366.2194,3272082.0,
838,421.2345931370341,22.782831,,,,16,293,[M+MeOH+Na]+,,2,838;834,366.2194,122611.11,
839,456.33181419137304,22.864716,,,,,,,,,,,298171.72,
840,367.22686998882864,22.933714,,,,,,,,,,,1344890.0,
842,421.2347898371452,22.974758,,,,,,,,,,,163249.1,
843,391.25125398193376,22.988403,,,,63,,,,,,,970741.0,
845,407.3857119964678,22.988403,,,,63,,,,,,,598426.75,
846,485.50436687151733,23.26881,,,,,,,,,,,279394.8,
847,203.1793915131086,23.434143,,,,7,,,,,,,3196831.0,
849,367.22669433798893,23.434143,,,,7,,,,,,,5186562.0,
851,399.25289433885234,23.434143,,,,7,299,[M-CO+Na]+,,2,853;851,404.25603,4006661.2,
853,405.26073824859054,23.434143,,,,7,299,[M+H]+,,2,853;851,404.25603,223416.03,
854,446.287486043175,23.434143,,,,7,,,,,,,291649.34,
855,410.186018217283,23.528719,,,,,,,,,,,144820.28,
856,405.2609377116229,23.556093,,,,13,,,,,,,262462.06,
857,421.2346868826173,23.582855,,,,13,306,[M+HFA+H-3H2O]+,,2,858;857,428.25369,686444.3,
858,446.28757010876046,23.582855,,,,13,306,[M+NH4]+,,2,858;857,428.25369,283711.78,
859,203.17942186694856,23.596453,,,,95,308,[M+NH4]+,,2,859;861,185.14129,2424360.2,
861,416.27945116046726,23.596453,,,,95,308,[2M+HFA]+,,2,859;861,185.14129,1129391.2,
863,256.2634202865458,23.80638,,,,,,,,,,,811084.44,
864,334.2739925801726,24.185225,,,,,,,,,,,124127.016,
865,398.4356885870006,24.25493,,,,,,,,,,,1036141.6,
866,313.27355961657275,24.435635,,,,,,,,,,,97290.84,
867,282.2790675290126,24.463514,,,,,,,,,,,250022.52,
868,270.27900586643665,24.53338,,,,,,,,,,,546952.8,
869,377.2289880654991,24.589241,,,,,,,,,,,349669.9,
870,336.2894368157695,24.630646,,,,,,,,,,,466243.12,
871,468.33201375985584,24.672676,,,,,,,,,,,412130.38,
872,313.2735758051102,24.727997,,,,51,309,[M-H2O+?]+,,2,872;873,331.28469,587726.56,
873,331.28413286039836,24.727997,,,,51,309,[M+?]+,,2,872;873,331.28469,959633.0,
876,427.2487821645231,24.795935,,,,,,,,,,,129580.76,
877,405.2668541708249,24.809809,,,,84,310,[M+Na]+,,2,877;878,382.27474,220870.72,
878,424.3056769366747,24.809809,,,,84,310,[M+ACN+H]+,,2,877;878,382.27474,319517.06,
879,352.3123842420786,25.132666,,,,,,,,,,,1157851.4,
880,223.06358391015164,25.381145,,,,,,,,,,,502706.88,
882,223.0637582797906,25.872047,,,,112,,,,,,,117976.84,
